<?xml version="1.0" encoding="UTF-8"?>
<project-private xmlns="http://www.netbeans.org/ns/project-private/1">
    <editor-bookmarks xmlns="http://www.netbeans.org/ns/editor-bookmarks/2" lastBookmarkId="0"/>
    <open-files xmlns="http://www.netbeans.org/ns/projectui-open-files/2">
        <group>
            <file>file:/C:/Users/adria/Desktop/Prueba%20de%20sistema%20fa/src/sistemaventas/Factura.java</file>
            <file>file:/C:/Users/adria/Desktop/Prueba%20de%20sistema%20fa/src/sistemaventas/SistemaV.java</file>
            <file>file:/C:/Users/adria/Desktop/Prueba%20de%20sistema%20fa/src/sistemaventas/SistemaDeVentas.java</file>
            <file>file:/C:/Users/adria/Desktop/Prueba%20de%20sistema%20fa/src/sistemaventas/Productos.java</file>
            <file>file:/C:/Users/adria/Desktop/Prueba%20de%20sistema%20fa/src/sistemaventas/MostrarFactura.java</file>
            <file>file:/C:/Users/adria/Desktop/Prueba%20de%20sistema%20fa/src/sistemaventas/AccessoSistema.java</file>
            <file>file:/C:/Users/adria/Desktop/Prueba%20de%20sistema%20fa/src/sistemaventas/AcercaDe.java</file>
            <file>file:/C:/Users/adria/Desktop/Prueba%20de%20sistema%20fa/src/sistemaventas/BuscarArticulos.java</file>
            <file>file:/C:/Users/adria/Desktop/Prueba%20de%20sistema%20fa/src/sistemaventas/BuscarCliente.java</file>
            <file>file:/C:/Users/adria/Desktop/Prueba%20de%20sistema%20fa/src/sistemaventas/Clientes.java</file>
        </group>
    </open-files>
</project-private>
